{
  "val_loss": [
    0.43783676624298096,
    0.30668914318084717,
    0.18461377918720245,
    0.09804775565862656,
    0.0466243140399456,
    0.019168755039572716,
    0.007706037722527981,
    0.0033995441626757383,
    0.0015275797341018915,
    0.0007683274452574551,
    0.0004531129670795053,
    0.0003217222692910582,
    0.0002467446611262858,
    0.00022137963969726115,
    0.00020090394536964595,
    0.00017349010158795863,
    0.0001434025471098721,
    0.00011677006841637194,
    0.00009167994721792638,
    0.00007566776912426576
  ],
  "val_acc": [
    0.8666666746139526,
    1,
    1,
    1,
    1,
    1,
    1,
    1,
    1,
    1,
    1,
    1,
    1,
    1,
    1,
    1,
    1,
    1,
    1,
    1
  ],
  "loss": [
    0.7138792276382446,
    0.5917527079582214,
    0.45330873131752014,
    0.35152551531791687,
    0.24380607903003693,
    0.18025320768356323,
    0.1301228553056717,
    0.12139430642127991,
    0.0962853729724884,
    0.08867300301790237,
    0.08689452707767487,
    0.08381763100624084,
    0.07855332642793655,
    0.07911866158246994,
    0.07478959858417511,
    0.07329972088336945,
    0.07247041910886765,
    0.06934710592031479,
    0.06855180114507675,
    0.06600816547870636
  ],
  "acc": [
    0.5071428418159485,
    0.7928571701049805,
    0.9785714149475098,
    0.9928571581840515,
    1,
    1,
    1,
    0.9928571581840515,
    1,
    1,
    1,
    1,
    1,
    1,
    1,
    1,
    1,
    1,
    1,
    1
  ]
}